data_set_id,Spectral Centroid Overall Standard Deviation,Derivative of Spectral Centroid Overall Standard Deviation,Running Mean of Spectral Centroid Overall Standard Deviation,Standard Deviation of Spectral Centroid Overall Standard Deviation,Derivative of Running Mean of Spectral Centroid Overall Standard Deviation,Derivative of Standard Deviation of Spectral Centroid Overall Standard Deviation,Spectral Rolloff Point Overall Standard Deviation,Derivative of Spectral Rolloff Point Overall Standard Deviation,Running Mean of Spectral Rolloff Point Overall Standard Deviation,Standard Deviation of Spectral Rolloff Point Overall Standard Deviation,Derivative of Running Mean of Spectral Rolloff Point Overall Standard Deviation,Derivative of Standard Deviation of Spectral Rolloff Point Overall Standard Deviation,Spectral Flux Overall Standard Deviation,Derivative of Spectral Flux Overall Standard Deviation,Running Mean of Spectral Flux Overall Standard Deviation,Standard Deviation of Spectral Flux Overall Standard Deviation,Derivative of Running Mean of Spectral Flux Overall Standard Deviation,Derivative of Standard Deviation of Spectral Flux Overall Standard Deviation,Compactness Overall Standard Deviation,Derivative of Compactness Overall Standard Deviation,Running Mean of Compactness Overall Standard Deviation,Standard Deviation of Compactness Overall Standard Deviation,Derivative of Running Mean of Compactness Overall Standard Deviation,Derivative of Standard Deviation of Compactness Overall Standard Deviation,Spectral Variability Overall Standard Deviation,Derivative of Spectral Variability Overall Standard Deviation,Running Mean of Spectral Variability Overall Standard Deviation,Standard Deviation of Spectral Variability Overall Standard Deviation,Derivative of Running Mean of Spectral Variability Overall Standard Deviation,Derivative of Standard Deviation of Spectral Variability Overall Standard Deviation,Root Mean Square Overall Standard Deviation,Derivative of Root Mean Square Overall Standard Deviation,Running Mean of Root Mean Square Overall Standard Deviation,Standard Deviation of Root Mean Square Overall Standard Deviation,Derivative of Running Mean of Root Mean Square Overall Standard Deviation,Derivative of Standard Deviation of Root Mean Square Overall Standard Deviation,Fraction Of Low Energy Windows Overall Standard Deviation,Derivative of Fraction Of Low Energy Windows Overall Standard Deviation,Running Mean of Fraction Of Low Energy Windows Overall Standard Deviation,Standard Deviation of Fraction Of Low Energy Windows Overall Standard Deviation,Derivative of Running Mean of Fraction Of Low Energy Windows Overall Standard Deviation,Derivative of Standard Deviation of Fraction Of Low Energy Windows Overall Standard Deviation,Zero Crossings Overall Standard Deviation,Derivative of Zero Crossings Overall Standard Deviation,Running Mean of Zero Crossings Overall Standard Deviation,Standard Deviation of Zero Crossings Overall Standard Deviation,Derivative of Running Mean of Zero Crossings Overall Standard Deviation,Derivative of Standard Deviation of Zero Crossings Overall Standard Deviation,Strongest Beat Overall Standard Deviation,Derivative of Strongest Beat Overall Standard Deviation,Running Mean of Strongest Beat Overall Standard Deviation,Standard Deviation of Strongest Beat Overall Standard Deviation,Derivative of Running Mean of Strongest Beat Overall Standard Deviation,Derivative of Standard Deviation of Strongest Beat Overall Standard Deviation,Beat Sum Overall Standard Deviation,Derivative of Beat Sum Overall Standard Deviation,Running Mean of Beat Sum Overall Standard Deviation,Standard Deviation of Beat Sum Overall Standard Deviation,Derivative of Running Mean of Beat Sum Overall Standard Deviation,Derivative of Standard Deviation of Beat Sum Overall Standard Deviation,Strength Of Strongest Beat Overall Standard Deviation,Derivative of Strength Of Strongest Beat Overall Standard Deviation,Running Mean of Strength Of Strongest Beat Overall Standard Deviation,Standard Deviation of Strength Of Strongest Beat Overall Standard Deviation,Derivative of Running Mean of Strength Of Strongest Beat Overall Standard Deviation,Derivative of Standard Deviation of Strength Of Strongest Beat Overall Standard Deviation,Strongest Frequency Via Zero Crossings Overall Standard Deviation,Derivative of Strongest Frequency Via Zero Crossings Overall Standard Deviation,Running Mean of Strongest Frequency Via Zero Crossings Overall Standard Deviation,Standard Deviation of Strongest Frequency Via Zero Crossings Overall Standard Deviation,Derivative of Running Mean of Strongest Frequency Via Zero Crossings Overall Standard Deviation,Derivative of Standard Deviation of Strongest Frequency Via Zero Crossings Overall Standard Deviation,Strongest Frequency Via Spectral Centroid Overall Standard Deviation,Derivative of Strongest Frequency Via Spectral Centroid Overall Standard Deviation,Running Mean of Strongest Frequency Via Spectral Centroid Overall Standard Deviation,Standard Deviation of Strongest Frequency Via Spectral Centroid Overall Standard Deviation,Derivative of Running Mean of Strongest Frequency Via Spectral Centroid Overall Standard Deviation,Derivative of Standard Deviation of Strongest Frequency Via Spectral Centroid Overall Standard Deviation,Strongest Frequency Via FFT Maximum Overall Standard Deviation,Derivative of Strongest Frequency Via FFT Maximum Overall Standard Deviation,Running Mean of Strongest Frequency Via FFT Maximum Overall Standard Deviation,Standard Deviation of Strongest Frequency Via FFT Maximum Overall Standard Deviation,Derivative of Running Mean of Strongest Frequency Via FFT Maximum Overall Standard Deviation,Derivative of Standard Deviation of Strongest Frequency Via FFT Maximum Overall Standard Deviation,Partial Based Spectral Centroid Overall Standard Deviation,Derivative of Partial Based Spectral Centroid Overall Standard Deviation,Running Mean of Partial Based Spectral Centroid Overall Standard Deviation,Standard Deviation of Partial Based Spectral Centroid Overall Standard Deviation,Derivative of Running Mean of Partial Based Spectral Centroid Overall Standard Deviation,Derivative of Standard Deviation of Partial Based Spectral Centroid Overall Standard Deviation,Partial Based Spectral Flux Overall Standard Deviation,Derivative of Partial Based Spectral Flux Overall Standard Deviation,Running Mean of Partial Based Spectral Flux Overall Standard Deviation,Standard Deviation of Partial Based Spectral Flux Overall Standard Deviation,Derivative of Running Mean of Partial Based Spectral Flux Overall Standard Deviation,Derivative of Standard Deviation of Partial Based Spectral Flux Overall Standard Deviation,Peak Based Spectral Smoothness Overall Standard Deviation,Derivative of Peak Based Spectral Smoothness Overall Standard Deviation,Running Mean of Peak Based Spectral Smoothness Overall Standard Deviation,Standard Deviation of Peak Based Spectral Smoothness Overall Standard Deviation,Derivative of Running Mean of Peak Based Spectral Smoothness Overall Standard Deviation,Derivative of Standard Deviation of Peak Based Spectral Smoothness Overall Standard Deviation,Relative Difference Function Overall Standard Deviation,Derivative of Relative Difference Function Overall Standard Deviation,Running Mean of Relative Difference Function Overall Standard Deviation,Standard Deviation of Relative Difference Function Overall Standard Deviation,Derivative of Running Mean of Relative Difference Function Overall Standard Deviation,Derivative of Standard Deviation of Relative Difference Function Overall Standard Deviation,Spectral Centroid Overall Average,Derivative of Spectral Centroid Overall Average,Running Mean of Spectral Centroid Overall Average,Standard Deviation of Spectral Centroid Overall Average,Derivative of Running Mean of Spectral Centroid Overall Average,Derivative of Standard Deviation of Spectral Centroid Overall Average,Spectral Rolloff Point Overall Average,Derivative of Spectral Rolloff Point Overall Average,Running Mean of Spectral Rolloff Point Overall Average,Standard Deviation of Spectral Rolloff Point Overall Average,Derivative of Running Mean of Spectral Rolloff Point Overall Average,Derivative of Standard Deviation of Spectral Rolloff Point Overall Average,Spectral Flux Overall Average,Derivative of Spectral Flux Overall Average,Running Mean of Spectral Flux Overall Average,Standard Deviation of Spectral Flux Overall Average,Derivative of Running Mean of Spectral Flux Overall Average,Derivative of Standard Deviation of Spectral Flux Overall Average,Compactness Overall Average,Derivative of Compactness Overall Average,Running Mean of Compactness Overall Average,Standard Deviation of Compactness Overall Average,Derivative of Running Mean of Compactness Overall Average,Derivative of Standard Deviation of Compactness Overall Average,Spectral Variability Overall Average,Derivative of Spectral Variability Overall Average,Running Mean of Spectral Variability Overall Average,Standard Deviation of Spectral Variability Overall Average,Derivative of Running Mean of Spectral Variability Overall Average,Derivative of Standard Deviation of Spectral Variability Overall Average,Root Mean Square Overall Average,Derivative of Root Mean Square Overall Average,Running Mean of Root Mean Square Overall Average,Standard Deviation of Root Mean Square Overall Average,Derivative of Running Mean of Root Mean Square Overall Average,Derivative of Standard Deviation of Root Mean Square Overall Average,Fraction Of Low Energy Windows Overall Average,Derivative of Fraction Of Low Energy Windows Overall Average,Running Mean of Fraction Of Low Energy Windows Overall Average,Standard Deviation of Fraction Of Low Energy Windows Overall Average,Derivative of Running Mean of Fraction Of Low Energy Windows Overall Average,Derivative of Standard Deviation of Fraction Of Low Energy Windows Overall Average,Zero Crossings Overall Average,Derivative of Zero Crossings Overall Average,Running Mean of Zero Crossings Overall Average,Standard Deviation of Zero Crossings Overall Average,Derivative of Running Mean of Zero Crossings Overall Average,Derivative of Standard Deviation of Zero Crossings Overall Average,Strongest Beat Overall Average,Derivative of Strongest Beat Overall Average,Running Mean of Strongest Beat Overall Average,Standard Deviation of Strongest Beat Overall Average,Derivative of Running Mean of Strongest Beat Overall Average,Derivative of Standard Deviation of Strongest Beat Overall Average,Beat Sum Overall Average,Derivative of Beat Sum Overall Average,Running Mean of Beat Sum Overall Average,Standard Deviation of Beat Sum Overall Average,Derivative of Running Mean of Beat Sum Overall Average,Derivative of Standard Deviation of Beat Sum Overall Average,Strength Of Strongest Beat Overall Average,Derivative of Strength Of Strongest Beat Overall Average,Running Mean of Strength Of Strongest Beat Overall Average,Standard Deviation of Strength Of Strongest Beat Overall Average,Derivative of Running Mean of Strength Of Strongest Beat Overall Average,Derivative of Standard Deviation of Strength Of Strongest Beat Overall Average,Strongest Frequency Via Zero Crossings Overall Average,Derivative of Strongest Frequency Via Zero Crossings Overall Average,Running Mean of Strongest Frequency Via Zero Crossings Overall Average,Standard Deviation of Strongest Frequency Via Zero Crossings Overall Average,Derivative of Running Mean of Strongest Frequency Via Zero Crossings Overall Average,Derivative of Standard Deviation of Strongest Frequency Via Zero Crossings Overall Average,Strongest Frequency Via Spectral Centroid Overall Average,Derivative of Strongest Frequency Via Spectral Centroid Overall Average,Running Mean of Strongest Frequency Via Spectral Centroid Overall Average,Standard Deviation of Strongest Frequency Via Spectral Centroid Overall Average,Derivative of Running Mean of Strongest Frequency Via Spectral Centroid Overall Average,Derivative of Standard Deviation of Strongest Frequency Via Spectral Centroid Overall Average,Strongest Frequency Via FFT Maximum Overall Average,Derivative of Strongest Frequency Via FFT Maximum Overall Average,Running Mean of Strongest Frequency Via FFT Maximum Overall Average,Standard Deviation of Strongest Frequency Via FFT Maximum Overall Average,Derivative of Running Mean of Strongest Frequency Via FFT Maximum Overall Average,Derivative of Standard Deviation of Strongest Frequency Via FFT Maximum Overall Average,Partial Based Spectral Centroid Overall Average,Derivative of Partial Based Spectral Centroid Overall Average,Running Mean of Partial Based Spectral Centroid Overall Average,Standard Deviation of Partial Based Spectral Centroid Overall Average,Derivative of Running Mean of Partial Based Spectral Centroid Overall Average,Derivative of Standard Deviation of Partial Based Spectral Centroid Overall Average,Partial Based Spectral Flux Overall Average,Derivative of Partial Based Spectral Flux Overall Average,Running Mean of Partial Based Spectral Flux Overall Average,Standard Deviation of Partial Based Spectral Flux Overall Average,Derivative of Running Mean of Partial Based Spectral Flux Overall Average,Derivative of Standard Deviation of Partial Based Spectral Flux Overall Average,Peak Based Spectral Smoothness Overall Average,Derivative of Peak Based Spectral Smoothness Overall Average,Running Mean of Peak Based Spectral Smoothness Overall Average,Standard Deviation of Peak Based Spectral Smoothness Overall Average,Derivative of Running Mean of Peak Based Spectral Smoothness Overall Average,Derivative of Standard Deviation of Peak Based Spectral Smoothness Overall Average,Relative Difference Function Overall Average,Derivative of Relative Difference Function Overall Average,Running Mean of Relative Difference Function Overall Average,Standard Deviation of Relative Difference Function Overall Average,Derivative of Running Mean of Relative Difference Function Overall Average,Derivative of Standard Deviation of Relative Difference Function Overall Average,viewCount
TiJ-veJ_hlQ,21.66,14.07,8.622,85.96,0.2904,2.873,0.1823,0.127,0.06972,0.6955,0.002469,0.02447,0.007299,0.007395,0.002233,0.02206,0.00009123,0.0008856,216.9,209,61.76,618.1,2.689,26.92,0.002441,0.001857,0.001709,0.01709,0.00002614,0.0002607,0.09843,0.05873,0.07483,0.7484,0.0009527,0.009514,0.07221,0.00928,0.05102,0.5103,0.001049,0.01049,44.1,26.04,19.86,198.5,0.5784,5.745,29.26,10.69,21.73,217.3,0.3384,3.384,658.8,4.161,645.8,6459,2.449,24.49,0.000904,0.00002681,0.0007186,0.007185,0.000006868,0.00006867,689.1,406.9,310.4,3102,9.037,89.77,676.9,439.6,269.4,2686,9.076,89.78,584.8,557.3,196.2,1938,8.029,78.43,NaN,NaN,NaN,NaN,NaN,NaN,NaN,NaN,NaN,NaN,NaN,NaN,54.7,42.15,27.47,274.5,0.6798,6.776,8.108,2.305,1.91,18.94,0.08087,0.7997,23.32,-5.148E-18,23.29,232.2,0.002049,0.02029,0.1538,0,0.1533,1.525,0.00002075,0.0002064,0.003327,-2.933E-21,0.003366,0.0331,-2.045E-08,-1.923E-07,1667,1.373E-17,1674,16740,-0.09429,-0.9453,0.004772,1.466E-21,0.004824,0.04821,-1.223E-07,-0.00000122,0.1988,-5.363E-20,0.201,2.009,-0.00000482,-0.00004811,0.5602,0.00003055,0.5595,5.595,0.000001138,0.00001134,63.75,0,63.96,638.5,0.0013,0.0125,200.8,0.008795,201,2010,0.007172,0.07174,1214,-0.005117,1229,12290,-0.0002629,-0.002744,0.00957,0.000001132,0.009533,0.09533,5.805E-07,0.000005803,996.1,0,999.4,9976,0.02032,0.1953,728.8,-4.393E-16,727.9,7256,0.06404,0.634,363.5,0,364.8,3619,0.001795,-0.004589,NaN,NaN,NaN,NaN,NaN,NaN,NaN,NaN,NaN,NaN,NaN,NaN,68.65,0,68.66,685.1,0.005712,0.05628,-5.005,5.492E-17,-4.498,44.94,-0.004265,0.04269,442399
m8NFtTWdiOU,15.38,9.45,7.864,78.52,0.1729,1.721,0.1437,0.114,0.07278,0.7266,0.001748,0.0174,0.006301,0.006586,0.0017,0.01692,0.00008734,0.0008608,169.2,212.7,53.89,538.8,2.322,23.22,0.002224,0.00232,0.001129,0.01129,0.00002671,0.0002667,0.07729,0.06719,0.04672,0.4673,0.00083,0.008292,0.06512,0.01006,0.05332,0.5333,0.0006936,0.006935,32,20.77,23.29,232.9,0.3322,3.315,13.73,6.431,10.83,108.3,0.1553,1.554,342.2,3.82,302,3021,1.524,15.24,0.001015,0.00001916,0.0006187,0.006186,0.000007124,0.00007122,500,324.5,363.9,3639,5.191,51.8,480.5,295.3,245.8,2454,5.404,53.78,341.9,370.5,64.24,631.2,3.708,36.15,NaN,NaN,NaN,NaN,NaN,NaN,NaN,NaN,NaN,NaN,NaN,NaN,53.65,43.2,27.59,275.5,0.6459,6.448,2.123,2.211,0.8861,8.84,0.02288,0.226,17.33,0.0001651,16.63,166,0.003581,0.03586,0.1291,0.000001286,0.1244,1.24,0.00002653,0.0002658,0.004565,2.084E-16,0.004615,0.04577,-1.33E-10,-1.322E-09,1576,-0.003368,1576,15760,-0.02347,-0.2347,0.005851,-7.726E-14,0.005915,0.05912,-1.653E-08,-1.649E-07,0.2402,-7.402E-11,0.2428,2.428,-6.504E-07,-0.000006492,0.5682,0.0000344,0.5674,5.674,0.000006665,0.00006703,51.32,-0.0003293,51.41,513.6,-0.000971,-0.009734,213.4,0,213.4,2134,0,0,1631,-0.01963,1648,16480,-0.03518,-0.3518,0.009314,0.000001002,0.009246,0.09246,7.611E-07,0.00000761,801.9,-0.005145,803.2,8025,-0.01517,-0.1521,541.7,0.005158,519.6,5188,0.1119,1.121,183.6,-0.006861,170,1693,0.006381,0.05331,NaN,NaN,NaN,NaN,NaN,NaN,NaN,NaN,NaN,NaN,NaN,NaN,53.11,-0.005342,51.48,513.3,0.006636,0.06632,-4.035,0.0000391,-3.945,39.42,-0.0004897,0.004856,4086
X4OzQM6X8wI,22.46,19.2,8.992,89.94,0.2728,2.722,0.2081,0.2055,0.07438,0.746,0.002547,0.02546,0.007708,0.008596,0.002488,0.02479,0.00009113,0.0009067,171.7,231,41.06,410.5,2.267,22.68,0.002413,0.002709,0.001304,0.01304,0.00002579,0.0002574,0.08786,0.08076,0.05798,0.5798,0.000806,0.008054,0.05533,0.008771,0.04339,0.4339,0.0006513,0.006513,42.2,34.37,20.08,201.1,0.4778,4.773,8.43,1.791,7.577,75.76,0.06545,0.6545,480.7,4.618,426,4260,2.159,21.59,0.0007722,0.00001992,0.0004607,0.004606,0.000006805,0.00006801,659.4,537.1,313.8,3142,7.466,74.59,701.8,599.9,281,2811,8.526,85.05,573.6,619.2,193.4,1915,6.896,67.91,NaN,NaN,NaN,NaN,NaN,NaN,NaN,NaN,NaN,NaN,NaN,NaN,75.53,75.99,34.49,345,0.9427,9.425,1.78,1.701,0.8812,8.813,0.01835,0.1833,32.6,-0.0184,31.91,318.5,0.004934,0.04925,0.2745,-0.0001227,0.27,2.693,0.00003909,0.0003902,0.007471,-2.34E-16,0.007574,0.07541,-0.000000124,-0.000001228,1552,-0.05237,1552,15520,-0.01932,-0.1929,0.005887,-9.754E-13,0.005962,0.05958,-2.508E-07,-0.000002503,0.2588,-3.087E-10,0.262,2.62,-0.00001122,-0.000112,0.6074,0.00005141,0.6076,6.076,0.00002486,0.0002485,88.41,-0.001013,88.63,885.5,-0.005078,-0.05094,190.4,0.004974,190.2,1902,0.004999,0.04999,1931,-0.01921,1958,19580,-0.02634,-0.2633,0.009428,0.000001365,0.009375,0.09375,4.453E-07,0.00000445,1381,-0.01584,1385,13840,-0.07934,-0.7959,1019,-0.5751,997.2,9953,0.1542,1.539,272.5,-1.154,254.8,2524,0.106,1.044,NaN,NaN,NaN,NaN,NaN,NaN,NaN,NaN,NaN,NaN,NaN,NaN,96.29,-0.0213,94.99,947.6,0.00597,0.05927,-3.705,0.00008992,-3.624,36.22,-0.001109,0.01109,9543
7f8LyanfpWE,18.93,15.48,5.9,58.84,0.2623,2.603,0.1745,0.1518,0.05168,0.5169,0.002429,0.02414,0.006922,0.007157,0.001887,0.01881,0.0001013,0.001005,284.7,233.6,160.3,1606,3.236,32.4,0.002395,0.002028,0.001275,0.01276,0.00002977,0.0002973,0.09101,0.06477,0.05603,0.5606,0.001056,0.01056,0.07858,0.01515,0.05308,0.5308,0.0009019,0.009028,40.98,29.86,14.78,148,0.5548,5.522,28.58,11.95,22.58,225.9,0.3014,3.015,491.4,4.374,465.6,4656,2.045,20.45,0.0008409,0.00002745,0.0003952,0.00395,0.000008272,0.00008267,640.3,466.5,231,2312,8.669,86.28,591.6,483.9,184.4,1839,8.198,81.35,555.4,576.7,145.8,1436,7.871,76.95,NaN,NaN,NaN,NaN,NaN,NaN,NaN,NaN,NaN,NaN,NaN,NaN,59.89,55.5,25.27,252.8,0.8005,7.985,15.07,2.444,10.54,105.3,0.134,1.339,25.34,0,25.63,255.7,0.001414,0.01413,0.1793,0,0.1815,1.807,0.000007735,0.00007732,0.005289,1.691E-21,0.005364,0.05324,1.112E-08,1.101E-07,1598,0,1609,16090,0.2366,2.366,0.005681,9.838E-22,0.005755,0.05752,1.961E-07,0.000001958,0.2392,7.863E-21,0.2423,2.422,0.000007501,0.00007489,0.5499,0.00007909,0.551,5.51,-0.000007484,-0.00007294,71.37,0,72.24,721.4,0.003142,0.03141,203,0,202.8,2028,0.0009418,0.009435,1647,0.06729,1665,16650,0.1137,1.136,0.00927,-0.000001672,0.009204,0.09204,-6.736E-07,-0.000006731,1115,0,1129,11270,0.04909,0.4908,791.7,3.224E-17,800.9,7990,0.04417,0.4416,383.4,0,386.5,3835,0.04328,0.4326,NaN,NaN,NaN,NaN,NaN,NaN,NaN,NaN,NaN,NaN,NaN,NaN,82.66,1.612E-17,83.71,835.3,0.002948,0.02945,-6.052,-3.426E-17,-5.242,52.37,0.01538,-0.154,2746692
cjvUzIyDS5s,25.2,18.53,8.9,88.92,0.331,3.284,0.2344,0.1854,0.08176,0.8189,0.003094,0.03081,0.007548,0.007918,0.001365,0.01354,0.0001125,0.001109,206.2,237.7,35.53,355.5,2.838,28.4,0.002165,0.002462,0.0008174,0.008181,0.00002941,0.0002931,0.08052,0.07911,0.03616,0.3619,0.001078,0.01076,0.0593,0.009905,0.04728,0.4728,0.0007629,0.007629,52.73,34.31,20.84,208.5,0.6794,6.767,28.75,13.79,20.78,207.9,0.3446,3.448,257.1,3.624,245,2450,1.295,12.95,0.0007661,0.00002759,0.0004073,0.004072,0.000006869,0.00006866,823.9,536,325.7,3257,10.62,105.7,787.4,579.1,278.1,2779,10.34,102.6,681.7,699.2,195.9,1931,9.426,91.6,NaN,NaN,NaN,NaN,NaN,NaN,NaN,NaN,NaN,NaN,NaN,NaN,62.18,52.59,28.79,287.8,0.8025,7.985,5.241,2.11,0.6853,6.751,0.05523,0.5432,26.31,0.002786,26.36,262.6,-0.0008019,-0.007723,0.1883,0.0000119,0.1891,1.877,-0.00001358,-0.0001332,0.004002,3.956E-11,0.00404,0.03974,-3.523E-07,-0.00000339,1638,0.07733,1641,16410,0.06012,0.603,0.004417,1.016E-08,0.004468,0.04463,-1.892E-07,-0.000001859,0.1833,0.00000037,0.1854,1.852,-0.000007821,-0.00007705,0.5682,-0.00001286,0.5677,5.677,0.00001317,0.0001317,72.59,0.003428,72.85,726.8,-0.003669,-0.03631,208.9,0,208.8,2088,0.001037,0.01039,944.4,-0.05681,951.9,9519,-0.06973,-0.6974,0.009511,0.000001194,0.009458,0.09458,0.000000649,0.000006487,1134,0.05356,1138,11360,-0.05733,-0.5673,822.1,0.08706,823.9,8206,-0.02506,-0.2413,385.3,0.07141,384.6,3804,0.04046,0.421,NaN,NaN,NaN,NaN,NaN,NaN,NaN,NaN,NaN,NaN,NaN,NaN,63.11,0.001562,63.41,631.8,-0.002975,-0.02875,-4.323,0.01368,-4.081,40.77,0.001858,-0.01811,710441
Mhby7NHtD5o,23.49,19.7,11.54,115.4,0.3007,3.003,0.1838,0.172,0.08747,0.8758,0.002411,0.02413,0.007282,0.007683,0.00241,0.02403,0.00009843,0.0009769,187.6,218.6,46.2,462.1,2.45,24.52,0.002256,0.002353,0.001323,0.01323,0.00002606,0.0002602,0.08847,0.06938,0.06421,0.6423,0.0008438,0.008433,0.07946,0.01009,0.06829,0.683,0.000834,0.008341,42.93,32,23.54,235.5,0.5395,5.394,13.2,8.295,6.229,62.35,0.166,1.663,559.2,4.155,532,5320,1.68,16.8,0.0008547,0.00002917,0.0005243,0.005242,0.000006375,0.00006372,670.8,499.9,367.9,3679,8.43,84.29,734.2,615.7,360.6,3605,9.397,93.85,748.4,746.8,287.6,2854,9.651,94.82,NaN,NaN,NaN,NaN,NaN,NaN,NaN,NaN,NaN,NaN,NaN,NaN,83.43,80.69,37.24,372.3,1.111,11.11,5.615,2.066,1.025,10.16,0.05602,0.553,42.36,-0.01658,42.03,419.9,0.006104,0.06098,0.3513,-0.0001103,0.3502,3.498,0.00002088,0.0002085,0.006964,-1.808E-15,0.007046,0.07015,-1.857E-07,-0.000001851,1557,0,1562,15610,-0.06363,-0.6382,0.005739,1.361E-21,0.005796,0.05793,-3.895E-07,-0.000003891,0.2645,-8.771E-11,0.2671,2.671,-0.00001742,-0.0001741,0.5695,0.00004612,0.5698,5.697,0.000005888,0.00005902,109.6,-0.0001301,109.8,1097,0.009194,0.09155,216.8,-0.001649,217,2170,-0.004754,-0.04764,2012,-0.1392,2031,20310,-0.1839,-1.839,0.00923,7.241E-07,0.009177,0.09177,8.028E-07,0.000008025,1712,-0.002032,1715,17140,0.1436,1.43,1324,-0.5183,1313,13120,0.1908,1.906,356.7,-0.63,338.7,3347,0.3554,3.568,NaN,NaN,NaN,NaN,NaN,NaN,NaN,NaN,NaN,NaN,NaN,NaN,125.4,0,125.2,1249,0.01039,0.1038,-4.206,-0.01342,-3.927,39.24,-0.003026,0.02989,0
Ct5hzl2hryg,19.19,14.52,10.37,103.6,0.2313,2.309,0.1859,0.164,0.1005,1.006,0.002305,0.02302,0.005824,0.006439,0.001671,0.01668,0.00008176,0.000812,179.1,233.8,43.54,435.1,2.441,24.42,0.002067,0.002404,0.0009976,0.009975,0.00002536,0.0002532,0.07277,0.07025,0.04451,0.4451,0.0008097,0.008091,0.05149,0.009259,0.04071,0.4072,0.0006311,0.006312,37.29,27.56,25.34,253.4,0.4116,4.113,11.95,7.159,9.417,94.18,0.1294,1.294,331.7,3.684,297.1,2972,1.463,14.63,0.002025,0.00002914,0.001097,0.01096,0.00001623,0.0001622,582.6,430.6,395.9,3960,6.431,64.26,599.6,453.9,324.1,3238,7.228,72.16,409.2,458.8,105.1,1030,4.927,48.32,NaN,NaN,NaN,NaN,NaN,NaN,NaN,NaN,NaN,NaN,NaN,NaN,66.39,60.84,32.19,321.6,0.8462,8.451,1.847,1.654,1.026,10.26,0.01951,0.1948,25.9,-7.771E-18,25.2,251.6,0.008113,0.08113,0.2098,0,0.2049,2.043,0.00004988,0.000499,0.005923,1.373E-17,0.005969,0.05943,-8.312E-07,-0.000008282,1558,0,1559,15590,0.004792,0.04793,0.005857,2.134E-21,0.005906,0.05903,-7.168E-07,-0.00000716,0.2514,-7.585E-21,0.2534,2.534,-0.00003238,-0.0003235,0.5952,0.00005405,0.5943,5.943,0.00001072,0.0001072,75.06,0,75.24,751.9,-0.005845,-0.05841,215.5,0,215.4,2154,0.0005229,0.005232,1757,-0.2369,1769,17690,-0.2488,-2.488,0.009396,0.000003266,0.009264,0.09264,0.000002254,0.00002253,1173,0,1176,11750,-0.09133,-0.9127,809.5,2.487E-16,787.4,7862,0.2535,2.535,207.1,0,198.1,1966,0.1593,1.564,NaN,NaN,NaN,NaN,NaN,NaN,NaN,NaN,NaN,NaN,NaN,NaN,74.32,-4.662E-17,72.78,725.9,0.0199,0.1991,-3.842,0.00008564,-3.768,37.66,-0.001285,0.01286,10537
CkfAzvTnHBk,21.05,17.08,9.037,90.34,0.2781,2.781,0.1708,0.1606,0.06726,0.6729,0.002301,0.02304,0.006947,0.0074,0.002016,0.02009,0.00009536,0.0009462,150,201.7,25.07,250.7,2.065,20.66,0.00199,0.00238,0.0007198,0.0072,0.00002571,0.0002565,0.06865,0.0674,0.03524,0.3526,0.0007855,0.007847,0.06746,0.009774,0.05371,0.5371,0.0007641,0.007643,38.59,30.08,21.14,211.4,0.4762,4.763,16.21,9.596,12.24,122.5,0.1926,1.926,268.7,3.742,227.8,2278,1.521,15.22,0.0005884,0.00001786,0.0002438,0.002437,0.000005512,0.00005508,603,470.1,330.3,3303,7.441,74.43,657.8,533.8,282.4,2823,8.691,86.9,604.6,658.9,186.4,1846,8.022,78.98,NaN,NaN,NaN,NaN,NaN,NaN,NaN,NaN,NaN,NaN,NaN,NaN,82.67,82.42,34.03,340.4,1.114,11.15,2.542,2.875,0.8016,7.975,0.02795,0.2722,40.21,-0.01438,39.52,394.8,0.002662,0.02649,0.3393,-0.0001058,0.3354,3.351,0.00002036,0.0002026,0.006323,9.928E-18,0.006404,0.06372,-0.000000123,-0.000001217,1564,-0.02513,1565,15650,0.0003369,0.003303,0.005561,-6.961E-13,0.005629,0.05626,-2.437E-07,-0.000002422,0.2538,-2.507E-10,0.2569,2.568,-0.00001106,-0.00011,0.6367,0.00003463,0.6377,6.377,0.00003179,0.0003181,104,-0.0009202,104.1,1041,-0.01092,-0.1092,212.5,0,212.4,2124,0,0,1792,-0.07152,1808,18080,-0.09244,-0.9246,0.009143,0.000001128,0.009099,0.09099,0.000000509,0.000005087,1624,-0.01438,1627,16260,-0.1706,-1.706,1257,-0.4492,1235,12340,0.08318,0.8279,331.8,-0.4478,317.4,3141,-0.03068,-0.3225,NaN,NaN,NaN,NaN,NaN,NaN,NaN,NaN,NaN,NaN,NaN,NaN,129.7,-0.00802,128.5,1282,0.005799,0.05758,-4.112,0.00009156,-4.004,40.01,-0.0007062,0.007111,0
YggwCqVDu48,25.54,17.89,16.03,160.3,0.2876,2.868,0.1669,0.1424,0.08947,0.8949,0.002031,0.02031,0.007183,0.007283,0.002446,0.02439,0.00009946,0.0009874,176.4,213,32.91,329.3,2.345,23.47,0.002362,0.002231,0.001278,0.01279,0.00002805,0.0002803,0.09658,0.06663,0.0617,0.6174,0.001034,0.01035,0.1109,0.009637,0.1006,1.006,0.0009885,0.009885,47.01,28.72,31.37,313.7,0.5073,5.067,33.86,8.404,26.95,269.7,0.3492,3.495,585.4,4.942,547.1,5471,2.07,20.7,0.0005049,0.00002232,0.0002525,0.002525,0.000004916,0.00004914,734.5,448.7,490.1,4901,7.926,79.17,798,559.1,501.1,5011,8.987,89.61,960.8,788.5,619.6,6194,10.65,104.7,NaN,NaN,NaN,NaN,NaN,NaN,NaN,NaN,NaN,NaN,NaN,NaN,81.4,77.32,40.63,406.3,1.04,10.4,5.474,2.099,0.8323,8.23,0.05548,0.5456,43.47,0.0004319,43.4,433.6,-0.01098,-0.1101,0.3436,0.000001638,0.344,3.438,-0.00005845,-0.0005879,0.00656,2.682E-12,0.006651,0.06619,-1.276E-08,-1.108E-07,1552,0.02225,1556,15560,0.04635,0.4653,0.005616,1.949E-10,0.005692,0.05688,4.33E-08,4.355E-07,0.259,1.548E-08,0.2625,2.624,0.000001197,0.00001206,0.5233,-0.00002976,0.5211,5.211,-0.00003544,-0.0003543,109.4,0,109.7,1097,-0.02419,-0.2419,208.9,0.0155,209.5,2095,0.01631,0.1631,1945,0.02312,1970,19700,0.04478,0.4476,0.009196,-0.000000068,0.009153,0.09153,-1.084E-07,-0.000001084,1710,0,1715,17140,-0.3779,-3.779,1358,0.0135,1356,13550,-0.3432,-3.441,512.2,0,505.1,5003,-0.3771,-3.765,NaN,NaN,NaN,NaN,NaN,NaN,NaN,NaN,NaN,NaN,NaN,NaN,130.4,1.589E-17,130.8,1306,-0.02489,-0.2502,-4.287,0.01483,-4.012,40.09,0.002239,-0.02192,4979
DejfQIZjloY,8.195,6.468,3.696,36.94,0.1074,1.063,0.07203,0.06659,0.02652,0.2655,0.0009644,0.009429,0.002033,0.002174,0.0006343,0.006306,0.0000281,0.00027,231.4,244.3,95.07,950.8,2.882,28.85,0.001895,0.001047,0.001359,0.0136,0.00002205,0.0002202,0.0719,0.03223,0.05445,0.5447,0.0008018,0.008012,0.08999,0.01145,0.05648,0.5648,0.001335,0.01335,20.78,15.06,10.14,101.4,0.2739,2.723,22.42,6.928,16.52,165.3,0.3056,3.058,322.7,2.354,315,3150,1.63,16.3,0.001892,0.00006704,0.00169,0.01689,0.00001917,0.0001917,324.7,235.4,158.4,1585,4.28,42.54,256.1,202.1,115.5,1155,3.357,33.2,180.3,179,64.57,644,2.467,24.06,NaN,NaN,NaN,NaN,NaN,NaN,NaN,NaN,NaN,NaN,NaN,NaN,32.68,28.32,17.67,177,0.4076,4.052,7.412,2.26,1.265,12.49,0.07445,0.7346,10.33,-3.169E-18,10.36,103.3,-0.0006239,-0.006239,0.06438,0,0.06443,0.6408,-0.000005037,-0.00005029,0.001047,-5.436E-22,0.001058,0.01042,1.195E-09,1.165E-08,1581,0,1588,15880,-0.02438,-0.2451,0.003429,1.166E-23,0.003467,0.03464,1.562E-08,1.554E-07,0.1345,4.079E-23,0.136,1.359,5.298E-07,0.000005279,0.5216,-0.000003382,0.5211,5.211,0.000002747,0.00002745,29.91,0,30.05,299.9,-0.001497,-0.01501,209.7,0,209.7,2097,0.001617,0.0162,553,0.0001634,559.3,5592,0.0008126,0.008085,0.01012,-2.529E-07,0.01009,0.1009,-2.429E-08,-2.425E-07,467.4,0,469.5,4686,-0.02339,-0.2346,322.7,0,323.7,3229,-0.0195,-0.195,177.8,0,179.3,1786,-0.002255,-0.02194,NaN,NaN,NaN,NaN,NaN,NaN,NaN,NaN,NaN,NaN,NaN,NaN,35.91,0,36.1,359.8,-0.001773,-0.01778,-5.237,1.268E-17,-4.788,47.85,-0.001591,0.01585,0
539lIBy7QXs,11.08,6.444,6.1,60.98,0.1447,1.438,0.09272,0.06505,0.04975,0.4975,0.001179,0.01169,0.001145,0.001077,0.0006293,0.006273,0.00001373,0.0001361,268.3,223.2,139.4,1397,3.087,30.9,0.001384,0.0007695,0.00113,0.0113,0.00001281,0.000128,0.05612,0.02345,0.04863,0.4864,0.0004606,0.004605,0.0726,0.01388,0.04605,0.4605,0.00101,0.0101,27.83,15,18.05,180.5,0.3274,3.261,22.34,9.019,16.69,167,0.2408,2.409,227.7,1.063,225.2,2252,0.7044,7.045,0.00264,0.00005103,0.001719,0.01719,0.00002302,0.0002301,434.8,234.3,282.1,2821,5.116,50.95,346.2,201.4,190.6,1906,4.523,44.95,291.8,258,129.7,1292,4.086,40.27,NaN,NaN,NaN,NaN,NaN,NaN,NaN,NaN,NaN,NaN,NaN,NaN,48.31,38.35,28.81,288.2,0.5877,5.866,12.9,2.245,7.906,78.94,0.1215,1.211,17.55,1.653E-18,17.69,176.7,-0.001424,-0.01423,0.1146,0,0.1156,1.153,-0.00000865,-0.0000864,0.0008316,-1.211E-21,0.0008411,0.008371,-4.265E-09,-4.087E-08,1632,5.289E-17,1642,16420,-0.1921,-1.92,0.002478,-1.513E-22,0.002504,0.02502,-7.926E-08,-7.916E-07,0.1022,4.926E-26,0.1033,1.033,-0.000003045,-0.00003041,0.5457,-0.0000553,0.5447,5.447,0.000008286,0.00008236,49.01,0,49.44,494,-0.003232,-0.03229,212.1,0,212,2120,0,0,343.6,-0.002179,347.6,3476,-0.001135,-0.01138,0.009842,0.000003987,0.009705,0.09704,0.000002259,0.00002257,765.7,0,772.5,7718,-0.0505,-0.5046,548.3,5.289E-17,552.8,5520,-0.04451,-0.4447,271.9,0,273.5,2725,-0.03041,-0.3034,NaN,NaN,NaN,NaN,NaN,NaN,NaN,NaN,NaN,NaN,NaN,NaN,66.74,-6.611E-18,67.3,671.8,-0.004751,-0.04742,-6.663,5.786E-17,-5.911,59.07,-0.01151,0.1155,1948631
pv4KrAgre28,9.854,6.152,6.066,60.72,0.1151,1.144,0.08408,0.06162,0.04871,0.488,0.001012,0.009983,0.004356,0.003861,0.002484,0.02476,0.00005516,0.0005451,234.4,194.3,101,1014,2.789,27.94,0.002772,0.001151,0.002385,0.02385,0.00002346,0.0002345,0.1151,0.03629,0.1027,1.027,0.0008938,0.008938,0.07264,0.009058,0.04721,0.4722,0.001014,0.01014,24.75,13.62,16.5,165.2,0.2777,2.764,16.39,6.949,10.16,101.7,0.2145,2.147,1034,4.412,1027,10270,3.386,33.86,0.0009376,0.00003006,0.000717,0.007168,0.00001085,0.0001085,386.8,212.9,257.8,2581,4.339,43.19,307.9,192.2,189.6,1898,3.598,35.74,313.8,313.7,128.5,1283,4.294,42.67,NaN,NaN,NaN,NaN,NaN,NaN,NaN,NaN,NaN,NaN,NaN,NaN,49.24,37.37,34.11,341.2,0.5416,5.405,11.53,2.191,5.669,56.53,0.1148,1.144,18.05,4.615E-18,18.19,181.7,-0.00004163,-0.0006797,0.1135,0,0.1144,1.142,0.000001291,0.00001136,0.002647,-5.751E-22,0.002675,0.02658,-1.212E-08,-1.031E-07,1642,0,1653,16530,-0.1429,-1.435,0.004652,-3.756E-22,0.004694,0.04692,-1.627E-07,-0.000001623,0.1904,-1.202E-20,0.1921,1.921,-0.000006151,-0.00006138,0.5304,0.0000383,0.5287,5.287,0.00001564,0.0001563,47.03,0,47.48,474.4,-0.0005504,-0.005955,216.1,0.009095,216.2,2162,0.004902,0.04908,1245,-0.004601,1258,12580,0.003477,0.03467,0.009588,0.00000112,0.009559,0.09559,5.043E-07,0.00000504,734.9,0,741.9,7412,-0.0086,-0.09304,563.9,1.969E-16,568.4,5678,-0.001301,-0.02124,375.7,0,378.8,3778,-0.01634,-0.1679,NaN,NaN,NaN,NaN,NaN,NaN,NaN,NaN,NaN,NaN,NaN,NaN,67.56,0,68.22,681.2,0.0002185,0.001531,-5.802,-1.385E-17,-5.074,50.69,-0.008925,0.08956,501
JyaLhhJswcI,15.84,9.284,10.49,104.9,0.1857,1.842,0.1235,0.08984,0.06387,0.639,0.001606,0.0159,0.004192,0.004025,0.002084,0.02077,0.00005526,0.0005437,195.1,211.7,80.84,808.3,2.696,26.97,0.002626,0.001307,0.002138,0.02138,0.00002463,0.000246,0.1074,0.04179,0.09184,0.9184,0.0009305,0.009299,0.06952,0.009418,0.04431,0.4431,0.001078,0.01079,34.25,19.98,21.14,211.4,0.4152,4.134,24.2,8.46,18.8,188.1,0.2646,2.647,841.8,5.067,829.5,8295,3.964,39.64,0.0006127,0.00002282,0.0005612,0.005611,0.000005822,0.00005823,535.2,312.2,330.2,3304,6.487,64.59,494.9,290.1,327.9,3279,5.802,57.57,550.3,430.7,360.8,3604,6.497,64.45,NaN,NaN,NaN,NaN,NaN,NaN,NaN,NaN,NaN,NaN,NaN,NaN,47.15,41.69,24.4,244,0.5948,5.935,2.499,2.008,0.6701,6.7,0.02714,0.264,23.62,0.008151,23.72,236.9,-0.002899,-0.02914,0.151,0.00006143,0.1517,1.513,-0.00001446,-0.000147,0.002779,6.725E-15,0.00281,0.02791,2.787E-10,2.899E-09,1679,0.00001308,1681,16810,0.01351,0.1353,0.004701,9.042E-16,0.004749,0.04747,1.143E-07,0.000001139,0.1947,1.682E-10,0.1967,1.966,0.000004192,0.0000418,0.549,-0.00001804,0.5486,5.486,-8.896E-07,-0.000008926,62.15,0,62.47,624.1,-0.008073,-0.08063,209.7,0,209.6,2096,0,0,1235,0.01832,1247,12470,0.03002,0.3002,0.009483,-1.501E-07,0.009475,0.09475,-1.228E-07,-0.000001228,971.1,0,976.1,9751,-0.1261,-1.26,738.3,0.2547,741.2,7403,-0.0906,-0.9106,476.3,0,478.4,4769,-0.09339,-0.9279,NaN,NaN,NaN,NaN,NaN,NaN,NaN,NaN,NaN,NaN,NaN,NaN,76.51,3.17E-17,77.12,770.1,-0.004371,-0.04421,-4.544,0.0116,-4.475,44.73,0.0003701,-0.003515,0
RoPtjIM3oX8,7.254,5.08,3.107,31.08,0.09796,0.9726,0.06445,0.04906,0.02696,0.2692,0.0008651,0.008519,0.003584,0.003542,0.001555,0.01556,0.00004834,0.0004657,229.4,183.6,120,1204,2.589,25.94,0.002443,0.00135,0.001714,0.01714,0.00002656,0.000265,0.09528,0.04161,0.07105,0.7106,0.0009819,0.009803,0.06089,0.01385,0.04275,0.4275,0.0007571,0.007573,18.47,12.19,9.179,91.86,0.2386,2.377,20.85,7.522,14.22,142.3,0.2213,2.217,691.7,4.335,681.2,6812,2.933,29.33,0.002517,0.00003233,0.001799,0.01799,0.00001618,0.0001618,288.6,190.5,143.4,1435,3.727,37.14,226.7,158.8,97.09,971.4,3.061,30.39,234.6,217.2,96.68,964.4,3.212,32,NaN,NaN,NaN,NaN,NaN,NaN,NaN,NaN,NaN,NaN,NaN,NaN,33.56,28.8,17.22,172.4,0.4305,4.292,12.2,2.191,7.421,74.09,0.1152,1.149,13.19,1.553E-18,13.28,132.6,-0.00121,-0.01204,0.08152,0,0.0821,0.8191,-0.000005872,-0.00005809,0.002022,1.057E-21,0.002044,0.02017,-7.264E-09,-7.092E-08,1601,1.242E-17,1611,16110,-0.1641,-1.641,0.00472,-9.476E-22,0.004765,0.04762,-1.546E-07,-0.000001543,0.1874,1.819E-20,0.1892,1.891,-0.000005938,-0.0000593,0.5771,-0.00005854,0.5765,5.765,0.00001186,0.0001182,37.31,0,37.62,375.8,-0.002217,-0.02215,215.7,0.01026,216.2,2161,0.01017,0.1017,1071,-0.01027,1082,10820,-0.01092,-0.1093,0.009676,0.000002776,0.009548,0.09548,0.000002385,0.00002385,583,0,587.8,5872,-0.03464,-0.3461,412.3,0,414.9,4144,-0.03782,-0.3762,252.2,0,253.4,2526,-0.0302,-0.3018,NaN,NaN,NaN,NaN,NaN,NaN,NaN,NaN,NaN,NaN,NaN,NaN,48.82,1.242E-17,49.29,492,-0.001056,-0.009601,-5.789,2.329E-17,-5.125,51.21,-0.01143,0.1146,131509
ptSjNWnzpjg,24.02,17.53,12.32,123,0.3075,3.062,0.2067,0.1607,0.105,1.051,0.002626,0.0262,0.002096,0.002099,0.000727,0.007272,0.00002947,0.0002903,227.6,226.4,54.06,541.3,2.907,29.11,0.001204,0.001085,0.000739,0.007395,0.00001379,0.0001376,0.04963,0.03402,0.03595,0.3597,0.0005041,0.005036,0.08059,0.009665,0.06977,0.6977,0.0008735,0.008736,48.72,30.06,28.11,281,0.5906,5.892,9.823,5.249,7.272,72.72,0.1027,1.028,187.4,1.243,183,1830,0.7217,7.218,0.0007665,0.00002415,0.000619,0.006189,0.00000557,0.0000557,761.3,469.6,439.2,4391,9.228,92.06,750.8,547.7,384.9,3845,9.608,95.69,828,788.7,299.9,2970,11.28,111.4,NaN,NaN,NaN,NaN,NaN,NaN,NaN,NaN,NaN,NaN,NaN,NaN,80.79,68.07,44.69,446.6,1.012,10.11,9.334,2.375,1.902,18.81,0.09382,0.9285,35.24,9.084E-18,35.57,355.1,-0.003268,-0.03279,0.2681,0,0.2707,2.701,-0.00002073,-0.0002088,0.001377,6.072E-22,0.001393,0.01378,-1.072E-07,-0.000001052,1634,4.36E-17,1645,16450,-0.02812,-0.2829,0.002736,-4.435E-22,0.002767,0.02765,-1.639E-07,-0.000001627,0.1203,7.102E-21,0.1216,1.216,-0.000007001,-0.00006957,0.548,-0.000006474,0.5477,5.476,-0.00001423,-0.0001423,89.49,0,90.37,902.8,-0.007375,-0.07338,202.3,0.009328,202.2,2022,0.0028,0.02802,426.6,-0.01205,431.1,4311,-0.01039,-0.104,0.00943,4.307E-07,0.009393,0.09393,6.021E-07,0.000006021,1398,0,1412,14110,-0.1152,-1.147,1101,-2.325E-16,1111,11100,-0.1021,-1.025,512.2,0,516,5119,-0.07611,-0.7434,NaN,NaN,NaN,NaN,NaN,NaN,NaN,NaN,NaN,NaN,NaN,NaN,111.9,3.634E-17,113,1128,-0.009374,-0.09337,-5.665,-2.18E-17,-4.997,49.93,-0.002467,0.02478,48691367
Pb-K2tXWK4w,26.39,18.16,11.38,113.6,0.3586,3.56,0.214,0.1632,0.09239,0.9238,0.002925,0.02912,0.002324,0.002299,0.0007573,0.007536,0.00003215,0.0003163,279.2,218.1,166.3,1665,3.041,30.45,0.001305,0.001057,0.0008791,0.008791,0.00001432,0.0001429,0.05309,0.03321,0.03964,0.3964,0.0005337,0.005332,0.08773,0.01391,0.05976,0.5976,0.001078,0.01079,52.13,32.31,25.43,254.2,0.6921,6.888,14.27,7.093,11.04,110.4,0.1596,1.596,205.9,1.397,199.5,1995,0.8806,8.806,0.001635,0.00003219,0.0009258,0.009255,0.00001297,0.0001296,814.5,504.9,397.4,3972,10.81,107.6,824.7,567.4,355.7,3551,11.21,111.2,821.8,754.3,294.8,2916,11.32,110.8,NaN,NaN,NaN,NaN,NaN,NaN,NaN,NaN,NaN,NaN,NaN,NaN,63.86,50.51,34.6,345.9,0.8156,8.137,14.48,2.244,10.41,104,0.1198,1.195,28.5,1.497E-18,28.71,286.2,-0.001948,-0.0194,0.2036,0,0.2052,2.043,-0.00001191,-0.0001183,0.001339,-2.502E-22,0.001353,0.01337,-8.442E-10,-8.409E-09,1626,0,1637,16370,-0.1332,-1.33,0.003027,-9.137E-22,0.003058,0.03056,-2.23E-08,-2.224E-07,0.1282,5.848E-21,0.1295,1.295,-0.000000883,-0.000008809,0.528,-0.00004258,0.5303,5.303,-0.000004874,-0.00005088,73.85,0,74.46,743.2,-0.003948,-0.03939,206.7,0,206.6,2066,0,0,485.1,-0.002397,490.1,4900,-0.005672,-0.05669,0.009565,0.000002041,0.00945,0.0945,8.668E-07,0.000008661,1154,0,1163,11610,-0.06169,-0.6154,890.7,0,897.3,8945,-0.06089,-0.6063,428.3,0,431,4262,-0.04454,-0.4446,NaN,NaN,NaN,NaN,NaN,NaN,NaN,NaN,NaN,NaN,NaN,NaN,81.52,5.988E-18,82.12,819.5,-0.005392,-0.05352,-6.853,-8.234E-17,-6.109,61.04,-0.009621,0.09655,138095592
l4_6eQm7RTQ,14.32,11.6,6.186,61.61,0.1913,1.894,0.13,0.1159,0.0433,0.4302,0.001795,0.01767,0.0006604,0.0006973,0.0001736,0.001728,0.000009752,0.00009579,221.3,225.1,54.14,541.9,2.866,28.7,0.0009468,0.0006394,0.0005251,0.005264,0.00001209,0.0001206,0.03564,0.02029,0.02118,0.2123,0.0004442,0.004434,0.07616,0.008173,0.06441,0.6441,0.000775,0.00775,31.69,23.38,13.11,130.7,0.427,4.244,26.6,11.39,17.24,172.5,0.3256,3.26,63.18,0.5357,61.23,612.3,0.2687,2.688,0.003992,0.0001175,0.003616,0.03615,0.00003244,0.0003243,495.2,365.3,204.8,2042,6.672,66.31,447.6,362.6,193.3,1925,5.978,59.19,338.4,296.9,128.2,1273,4.609,45.26,NaN,NaN,NaN,NaN,NaN,NaN,NaN,NaN,NaN,NaN,NaN,NaN,39.99,34.52,16.98,169.4,0.5431,5.416,8.58,2.334,1.868,18.51,0.08633,0.8543,16.27,-9.909E-18,16.31,162.7,-0.001878,-0.01876,0.09826,0,0.09859,0.9794,-0.00001103,-0.00011,0.0003772,-3.024E-22,0.0003815,0.003764,-6.419E-09,-6.156E-08,1641,0,1650,16500,-0.03903,-0.3922,0.001791,-7.056E-22,0.00181,0.01808,-3.568E-08,-3.516E-07,0.07088,1.29E-20,0.07165,0.7158,-0.000001412,-0.00001394,0.548,-0.000008229,0.5467,5.467,-0.00002152,-0.0002152,44.44,0,44.61,445.3,-0.004364,-0.0436,210.9,-0.006892,211.1,2111,0.004771,0.04795,146.2,0.00006009,147.8,1478,0.002173,0.02168,0.01029,5.453E-08,0.01017,0.1017,-0.000001367,-0.00001366,694.4,0,697.1,6958,-0.06819,-0.6813,508.4,-2.642E-17,509.6,5083,-0.05869,-0.5863,317.8,0,317.9,3167,-0.03836,-0.3825,NaN,NaN,NaN,NaN,NaN,NaN,NaN,NaN,NaN,NaN,NaN,NaN,45.83,-2.147E-17,46.02,458.9,-0.005661,-0.05635,-5.939,1.321E-17,-5.375,53.71,-0.002974,0.02983,18802681
jJB5ARzC-1g,18.43,12.17,10.87,108.7,0.2232,2.218,0.1574,0.1196,0.08762,0.8768,0.001932,0.01923,0.002599,0.002559,0.0008704,0.008719,0.00003642,0.0003598,323.3,209.5,230.3,2306,3.142,31.45,0.001518,0.001212,0.001038,0.01038,0.00001638,0.0001635,0.06332,0.03699,0.04897,0.49,0.0005987,0.005983,0.09462,0.01479,0.06191,0.6205,0.001183,0.01188,40.72,23,26.55,265.6,0.462,4.603,25.52,3.723,24.52,245.2,0.1519,1.519,318,1.817,311.3,3113,1.302,13.02,0.005682,0.000269,0.002162,0.02159,0.00004945,0.0004925,636.3,359.4,414.9,4150,7.219,71.93,576,380.2,339.8,3397,6.974,69.32,662,713,228.1,2264,9.299,92.03,NaN,NaN,NaN,NaN,NaN,NaN,NaN,NaN,NaN,NaN,NaN,NaN,73.33,58.43,49.44,494.5,0.8113,8.107,17.94,2.369,14.88,148.8,0.1252,1.251,29.07,2.845E-20,29.33,292.9,-0.001676,-0.01642,0.2169,0,0.2188,2.184,-0.00001357,-0.0001322,0.002072,-3.732E-22,0.002098,0.02083,-3.144E-08,-3.061E-07,1619,-5.826E-17,1630,16300,-0.195,-1.949,0.003579,2.214E-22,0.003619,0.03618,-1.902E-07,-0.000001895,0.1547,-7.139E-21,0.1565,1.564,-0.000007064,-0.00007039,0.5375,-0.00005839,0.5413,5.412,-0.00006891,-0.0006891,77.16,0,77.9,778.4,-0.003597,-0.03528,205,0.007621,205.2,2051,0.007722,0.07722,712.5,-0.0395,719.2,7192,-0.06022,-0.6021,0.01004,0.00001904,0.009689,0.09689,0.000005156,0.00005143,1206,0,1217,12160,-0.0562,-0.5512,908.4,1.156E-16,916.5,9154,-0.05237,-0.513,463.3,0,468.8,4654,-0.007785,-0.07768,NaN,NaN,NaN,NaN,NaN,NaN,NaN,NaN,NaN,NaN,NaN,NaN,114.2,2.913E-17,115.5,1153,-0.00264,-0.02514,-7.563,3.641E-18,-6.847,68.42,-0.01383,0.1385,1380115
